,ประทับเวลา,จักรยานเสือภูเขา,คอลลาเจน,Brownie อวกาศ,แม่โขง,Botox,กัญชา,กัญชง,เครื่องวัดความดัน,หลอดไฟเปลี่ยนสีได้,คอร์ส bikini wax,เก้าอี้นวดไฟฟ้า,ต้นไม้ประดับห้อง,หมอนข้าง,ตาชั่ง ,คอร์สโบท็อกกราม,แสงโสม,กะหรี่(ปั๊บ),Lego,แฟน ที่แปลว่าพัดลม,ยาดอง,ชุดนอนไม่ได้นอน,ที่ยกน้ำหนัก (Dumbell),เครื่องดูดฝุ่นอัตโนมัติ (robot),เนื้อวากิล,หมูแดดเดียว,drone,เครื่องย่อยเศษอาหาร,เสื้อซีทรู,ไพ่ยิปซี,เนื้อย่าง,เครื่องทำลายเอกสาร,กระเป๋า,ชาบู,Surfskate,Board game,เครื่องย่อยเศษอาหาร,ชุดน้องหมา,Omakase,เม็ดมะม่วงหิมพานต์,ไฟอัจฉริยะ,บัตตาเลี่ยนที่ตัดผม,ไดร์เป่าผม Dyson,แผ่นเสียง,กรรไกรตัดขนจมูก,PS5,เครื่องตรวจน้ำตาลในเลือด,โรตี,กะปิดอง,น้องหมา,แพ็คเกจไทยเที่ยวไทย,เกมส์ FIFA Online,มะม่วงเบา,ห้องน้ำแมวอัตโนมัติ,กระเป๋า chanel,ข้าวขาหมูคากิคาจักออนไลน์,ถั่งเช่า,หมอนสุขภาพสำหรับคนนอนไม่หลับ,อาหารแมวคลีนเพื่อสุขภาพลดหุ่น,น้ำส้มดีโด้,Software ถูกลิขสิทธิ์,ครีมกันแดด
20-03-21, 11:53:45,ไม่เคย,ไม่เคย,ไม่เคย,ไม่เคย,ไม่เคย,ไม่เคย,ไม่เคย,ไม่เคย,ไม่เคย,ไม่เคย,ไม่เคย,ไม่เคย,เคย,ไม่เคย,ไม่เคย,ไม่เคย,เคย,เคย,เคย,ไม่เคย,ไม่เคย,ไม่เคย,เคย,เคย,เคย,ไม่เคย,ไม่เคย,ไม่เคย,ไม่เคย,เคย,ไม่เคย,เคย,เคย,ไม่เคย,เคย,ไม่เคย,ไม่เคย,เคย,เคย,ไม่เคย,ไม่เคย,ไม่เคย,ไม่เคย,เคย,เคย,ไม่เคย,เคย,ไม่เคย,ไม่เคย,ไม่เคย,ไม่เคย,ไม่เคย,ไม่เคย,ไม่เคย,ไม่เคย,ไม่เคย,ไม่เคย,ไม่เคย,เคย,เคย,เคย
20-03-21, 11:54:01,ไม่เคย,เคย,ไม่เคย,เคย,ไม่เคย,ไม่เคย,ไม่เคย,เคย,ไม่เคย,ไม่เคย,ไม่เคย,ไม่เคย,เคย,เคย,ไม่เคย,เคย,เคย,ไม่เคย,เคย,ไม่เคย,เคย,เคย,เคย,ไม่เคย,เคย,ไม่เคย,ไม่เคย,เคย,เคย,ไม่เคย,ไม่เคย,เคย,เคย,ไม่เคย,ไม่เคย,ไม่เคย,ไม่เคย,ไม่เคย,เคย,ไม่เคย,ไม่เคย,ไม่เคย,ไม่เคย,เคย,ไม่เคย,เคย,เคย,เคย,ไม่เคย,เคย,ไม่เคย,เคย,ไม่เคย,ไม่เคย,ไม่เคย,เคย,เคย,ไม่เคย,เคย,ไม่เคย,เคย
20-03-21, 11:54:05,เคย,ไม่เคย,ไม่เคย,ไม่เคย,ไม่เคย,ไม่เคย,ไม่เคย,เคย,เคย,ไม่เคย,ไม่เคย,เคย,เคย,เคย,ไม่เคย,ไม่เคย,เคย,เคย,เคย,ไม่เคย,เคย,เคย,ไม่เคย,เคย,เคย,เคย,ไม่เคย,เคย,ไม่เคย,เคย,เคย,เคย,เคย,เคย,เคย,ไม่เคย,เคย,ไม่เคย,เคย,เคย,เคย,ไม่เคย,ไม่เคย,ไม่เคย,ไม่เคย,เคย,เคย,ไม่เคย,เคย,ไม่เคย,ไม่เคย,เคย,ไม่เคย,ไม่เคย,ไม่เคย,ไม่เคย,เคย,ไม่เคย,เคย,เคย,เคย
20-03-21, 11:54:13,ไม่เคย,ไม่เคย,ไม่เคย,เคย,ไม่เคย,เคย,ไม่เคย,ไม่เคย,ไม่เคย,ไม่เคย,เคย,เคย,เคย,เคย,ไม่เคย,เคย,เคย,เคย,เคย,เคย,ไม่เคย,ไม่เคย,เคย,เคย,เคย,ไม่เคย,ไม่เคย,ไม่เคย,ไม่เคย,เคย,ไม่เคย,เคย,เคย,ไม่เคย,เคย,ไม่เคย,ไม่เคย,เคย,เคย,ไม่เคย,เคย,ไม่เคย,ไม่เคย,เคย,ไม่เคย,ไม่เคย,เคย,ไม่เคย,ไม่เคย,ไม่เคย,เคย,ไม่เคย,ไม่เคย,ไม่เคย,ไม่เคย,ไม่เคย,ไม่เคย,ไม่เคย,ไม่เคย,ไม่เคย,เคย
20-03-21, 11:54:18,ไม่เคย,เคย,ไม่เคย,ไม่เคย,เคย,ไม่เคย,ไม่เคย,ไม่เคย,ไม่เคย,ไม่เคย,ไม่เคย,เคย,ไม่เคย,ไม่เคย,เคย,ไม่เคย,เคย,ไม่เคย,เคย,ไม่เคย,ไม่เคย,เคย,เคย,ไม่เคย,เคย,ไม่เคย,ไม่เคย,ไม่เคย,เคย,ไม่เคย,ไม่เคย,เคย,เคย,ไม่เคย,เคย,ไม่เคย,เคย,ไม่เคย,เคย,ไม่เคย,ไม่เคย,เคย,ไม่เคย,ไม่เคย,ไม่เคย,ไม่เคย,เคย,ไม่เคย,เคย,,ไม่เคย,ไม่เคย,ไม่เคย,เคย,ไม่เคย,ไม่เคย,เคย,ไม่เคย,เคย,เคย,เคย
20-03-21, 11:54:21,เคย,เคย,ไม่เคย,ไม่เคย,ไม่เคย,ไม่เคย,ไม่เคย,เคย,ไม่เคย,ไม่เคย,ไม่เคย,เคย,เคย,เคย,ไม่เคย,ไม่เคย,เคย,เคย,เคย,ไม่เคย,ไม่เคย,เคย,เคย,เคย,เคย,ไม่เคย,ไม่เคย,เคย,ไม่เคย,เคย,ไม่เคย,เคย,เคย,ไม่เคย,ไม่เคย,ไม่เคย,เคย,ไม่เคย,เคย,ไม่เคย,ไม่เคย,ไม่เคย,ไม่เคย,เคย,ไม่เคย,ไม่เคย,เคย,ไม่เคย,เคย,ไม่เคย,ไม่เคย,เคย,ไม่เคย,ไม่เคย,ไม่เคย,,เคย,ไม่เคย,ไม่เคย,ไม่เคย,เคย
20-03-21, 11:54:34,ไม่เคย,ไม่เคย,ไม่เคย,เคย,ไม่เคย,ไม่เคย,ไม่เคย,เคย,ไม่เคย,ไม่เคย,ไม่เคย,เคย,เคย,ไม่เคย,ไม่เคย,เคย,เคย,ไม่เคย,เคย,ไม่เคย,ไม่เคย,เคย,ไม่เคย,เคย,เคย,ไม่เคย,ไม่เคย,ไม่เคย,ไม่เคย,เคย,ไม่เคย,เคย,เคย,ไม่เคย,เคย,ไม่เคย,เคย,ไม่เคย,เคย,ไม่เคย,ไม่เคย,ไม่เคย,ไม่เคย,ไม่เคย,ไม่เคย,ไม่เคย,เคย,เคย,ไม่เคย,ไม่เคย,ไม่เคย,เคย,ไม่เคย,ไม่เคย,ไม่เคย,ไม่เคย,เคย,ไม่เคย,เคย,เคย,เคย
20-03-21, 11:54:40,ไม่เคย,ไม่เคย,ไม่เคย,ไม่เคย,ไม่เคย,ไม่เคย,ไม่เคย,เคย,ไม่เคย,ไม่เคย,ไม่เคย,เคย,เคย,เคย,ไม่เคย,เคย,ไม่เคย,ไม่เคย,ไม่เคย,ไม่เคย,ไม่เคย,เคย,เคย,ไม่เคย,,ไม่เคย,ไม่เคย,ไม่เคย,ไม่เคย,ไม่เคย,ไม่เคย,เคย,เคย,ไม่เคย,เคย,ไม่เคย,ไม่เคย,ไม่เคย,เคย,ไม่เคย,ไม่เคย,ไม่เคย,ไม่เคย,ไม่เคย,ไม่เคย,ไม่เคย,ไม่เคย,ไม่เคย,ไม่เคย,ไม่เคย,ไม่เคย,ไม่เคย,ไม่เคย,,ไม่เคย,ไม่เคย,ไม่เคย,ไม่เคย,ไม่เคย,ไม่เคย,เคย
20-03-21, 11:54:46,ไม่เคย,ไม่เคย,ไม่เคย,ไม่เคย,ไม่เคย,เคย,ไม่เคย,เคย,ไม่เคย,ไม่เคย,ไม่เคย,เคย,เคย,เคย,ไม่เคย,ไม่เคย,เคย,ไม่เคย,เคย,ไม่เคย,ไม่เคย,เคย,เคย,เคย,เคย,ไม่เคย,ไม่เคย,ไม่เคย,เคย,เคย,ไม่เคย,เคย,เคย,ไม่เคย,เคย,ไม่เคย,ไม่เคย,ไม่เคย,เคย,เคย,ไม่เคย,ไม่เคย,ไม่เคย,ไม่เคย,ไม่เคย,เคย,เคย,ไม่เคย,ไม่เคย,เคย,ไม่เคย,ไม่เคย,ไม่เคย,ไม่เคย,เคย,เคย,ไม่เคย,ไม่เคย,ไม่เคย,เคย,เคย
20-03-21, 11:54:47,ไม่เคย,เคย,ไม่เคย,ไม่เคย,ไม่เคย,ไม่เคย,ไม่เคย,เคย,ไม่เคย,ไม่เคย,ไม่เคย,เคย,เคย,ไม่เคย,ไม่เคย,ไม่เคย,เคย,เคย,ไม่เคย,เคย,ไม่เคย,เคย,ไม่เคย,เคย,เคย,ไม่เคย,ไม่เคย,ไม่เคย,ไม่เคย,เคย,ไม่เคย,เคย,เคย,ไม่เคย,ไม่เคย,ไม่เคย,เคย,ไม่เคย,เคย,ไม่เคย,ไม่เคย,ไม่เคย,ไม่เคย,ไม่เคย,ไม่เคย,ไม่เคย,เคย,ไม่เคย,ไม่เคย,ไม่เคย,ไม่เคย,เคย,ไม่เคย,ไม่เคย,ไม่เคย,ไม่เคย,ไม่เคย,ไม่เคย,ไม่เคย,เคย,เคย
20-03-21, 11:54:53,เคย,ไม่เคย,ไม่เคย,ไม่เคย,ไม่เคย,ไม่เคย,ไม่เคย,ไม่เคย,ไม่เคย,ไม่เคย,ไม่เคย,ไม่เคย,เคย,ไม่เคย,ไม่เคย,ไม่เคย,ไม่เคย,ไม่เคย,ไม่เคย,ไม่เคย,ไม่เคย,เคย,ไม่เคย,เคย,เคย,ไม่เคย,ไม่เคย,ไม่เคย,ไม่เคย,เคย,ไม่เคย,เคย,เคย,ไม่เคย,ไม่เคย,ไม่เคย,ไม่เคย,ไม่เคย,เคย,ไม่เคย,ไม่เคย,ไม่เคย,ไม่เคย,เคย,ไม่เคย,ไม่เคย,เคย,ไม่เคย,ไม่เคย,ไม่เคย,ไม่เคย,เคย,ไม่เคย,ไม่เคย,เคย,ไม่เคย,ไม่เคย,ไม่เคย,ไม่เคย,เคย,เคย
20-03-21, 11:54:57,ไม่เคย,ไม่เคย,ไม่เคย,เคย,ไม่เคย,เคย,ไม่เคย,เคย,ไม่เคย,ไม่เคย,ไม่เคย,เคย,เคย,เคย,ไม่เคย,เคย,เคย,ไม่เคย,เคย,ไม่เคย,ไม่เคย,ไม่เคย,ไม่เคย,เคย,เคย,ไม่เคย,ไม่เคย,ไม่เคย,ไม่เคย,เคย,ไม่เคย,เคย,เคย,ไม่เคย,ไม่เคย,,ไม่เคย,ไม่เคย,เคย,เคย,ไม่เคย,ไม่เคย,ไม่เคย,เคย,ไม่เคย,ไม่เคย,เคย,ไม่เคย,ไม่เคย,ไม่เคย,ไม่เคย,ไม่เคย,ไม่เคย,ไม่เคย,ไม่เคย,ไม่เคย,ไม่เคย,ไม่เคย,ไม่เคย,เคย,เคย
20-03-21, 11:55:00,เคย,เคย,ไม่เคย,ไม่เคย,ไม่เคย,ไม่เคย,ไม่เคย,ไม่เคย,ไม่เคย,เคย,ไม่เคย,เคย,เคย,เคย,ไม่เคย,ไม่เคย,เคย,เคย,เคย,ไม่เคย,ไม่เคย,เคย,เคย,เคย,เคย,ไม่เคย,ไม่เคย,เคย,ไม่เคย,เคย,เคย,เคย,เคย,ไม่เคย,เคย,ไม่เคย,เคย,เคย,เคย,เคย,ไม่เคย,เคย,เคย,เคย,ไม่เคย,เคย,เคย,ไม่เคย,เคย,ไม่เคย,ไม่เคย,เคย,ไม่เคย,ไม่เคย,ไม่เคย,ไม่เคย,เคย,ไม่เคย,เคย,เคย,เคย
20-03-21, 11:55:00,ไม่เคย,ไม่เคย,ไม่เคย,ไม่เคย,ไม่เคย,ไม่เคย,ไม่เคย,ไม่เคย,ไม่เคย,ไม่เคย,ไม่เคย,ไม่เคย,ไม่เคย,เคย,ไม่เคย,ไม่เคย,เคย,ไม่เคย,เคย,ไม่เคย,ไม่เคย,ไม่เคย,ไม่เคย,เคย,เคย,ไม่เคย,ไม่เคย,ไม่เคย,ไม่เคย,เคย,ไม่เคย,เคย,เคย,ไม่เคย,เคย,ไม่เคย,ไม่เคย,ไม่เคย,เคย,ไม่เคย,ไม่เคย,ไม่เคย,ไม่เคย,ไม่เคย,ไม่เคย,ไม่เคย,เคย,ไม่เคย,ไม่เคย,เคย,ไม่เคย,ไม่เคย,ไม่เคย,ไม่เคย,ไม่เคย,ไม่เคย,ไม่เคย,ไม่เคย,เคย,เคย,เคย
20-03-21, 11:55:04,ไม่เคย,เคย,ไม่เคย,ไม่เคย,ไม่เคย,ไม่เคย,ไม่เคย,ไม่เคย,ไม่เคย,ไม่เคย,ไม่เคย,เคย,เคย,เคย,ไม่เคย,ไม่เคย,เคย,เคย,เคย,ไม่เคย,ไม่เคย,เคย,ไม่เคย,ไม่เคย,เคย,ไม่เคย,ไม่เคย,เคย,ไม่เคย,เคย,ไม่เคย,เคย,เคย,ไม่เคย,เคย,ไม่เคย,เคย,ไม่เคย,เคย,ไม่เคย,ไม่เคย,ไม่เคย,ไม่เคย,ไม่เคย,ไม่เคย,ไม่เคย,เคย,ไม่เคย,ไม่เคย,ไม่เคย,ไม่เคย,ไม่เคย,ไม่เคย,ไม่เคย,ไม่เคย,ไม่เคย,ไม่เคย,ไม่เคย,เคย,เคย,เคย
20-03-21, 11:55:05,เคย,เคย,ไม่เคย,ไม่เคย,ไม่เคย,ไม่เคย,ไม่เคย,เคย,ไม่เคย,ไม่เคย,ไม่เคย,เคย,เคย,เคย,ไม่เคย,ไม่เคย,เคย,เคย,เคย,ไม่เคย,ไม่เคย,ไม่เคย,เคย,ไม่เคย,ไม่เคย,ไม่เคย,ไม่เคย,ไม่เคย,ไม่เคย,เคย,ไม่เคย,เคย,เคย,ไม่เคย,ไม่เคย,ไม่เคย,ไม่เคย,ไม่เคย,เคย,เคย,ไม่เคย,ไม่เคย,ไม่เคย,เคย,ไม่เคย,ไม่เคย,เคย,ไม่เคย,ไม่เคย,เคย,ไม่เคย,ไม่เคย,ไม่เคย,ไม่เคย,ไม่เคย,เคย,เคย,ไม่เคย,เคย,เคย,เคย
20-03-21, 11:55:10,เคย,เคย,ไม่เคย,ไม่เคย,ไม่เคย,ไม่เคย,ไม่เคย,ไม่เคย,ไม่เคย,ไม่เคย,ไม่เคย,เคย,เคย,เคย,ไม่เคย,ไม่เคย,เคย,เคย,เคย,ไม่เคย,ไม่เคย,เคย,ไม่เคย,เคย,เคย,ไม่เคย,ไม่เคย,ไม่เคย,เคย,เคย,ไม่เคย,เคย,เคย,ไม่เคย,เคย,ไม่เคย,ไม่เคย,ไม่เคย,เคย,ไม่เคย,ไม่เคย,ไม่เคย,ไม่เคย,ไม่เคย,ไม่เคย,ไม่เคย,เคย,เคย,ไม่เคย,เคย,ไม่เคย,เคย,ไม่เคย,ไม่เคย,ไม่เคย,ไม่เคย,ไม่เคย,ไม่เคย,เคย,เคย,เคย
20-03-21, 11:55:15,เคย,ไม่เคย,ไม่เคย,ไม่เคย,ไม่เคย,ไม่เคย,ไม่เคย,เคย,เคย,ไม่เคย,ไม่เคย,ไม่เคย,เคย,เคย,ไม่เคย,ไม่เคย,เคย,เคย,ไม่เคย,ไม่เคย,ไม่เคย,เคย,เคย,เคย,ไม่เคย,ไม่เคย,ไม่เคย,ไม่เคย,เคย,เคย,ไม่เคย,เคย,เคย,ไม่เคย,เคย,ไม่เคย,ไม่เคย,ไม่เคย,ไม่เคย,เคย,ไม่เคย,ไม่เคย,ไม่เคย,ไม่เคย,ไม่เคย,เคย,เคย,ไม่เคย,ไม่เคย,ไม่เคย,ไม่เคย,ไม่เคย,ไม่เคย,ไม่เคย,ไม่เคย,ไม่เคย,ไม่เคย,ไม่เคย,เคย,เคย,เคย
20-03-21, 11:55:20,ไม่เคย,ไม่เคย,ไม่เคย,เคย,ไม่เคย,ไม่เคย,ไม่เคย,เคย,เคย,ไม่เคย,เคย,เคย,เคย,เคย,ไม่เคย,เคย,เคย,ไม่เคย,เคย,ไม่เคย,ไม่เคย,ไม่เคย,ไม่เคย,เคย,เคย,ไม่เคย,ไม่เคย,ไม่เคย,ไม่เคย,เคย,ไม่เคย,เคย,เคย,ไม่เคย,เคย,ไม่เคย,ไม่เคย,ไม่เคย,เคย,ไม่เคย,ไม่เคย,ไม่เคย,ไม่เคย,เคย,ไม่เคย,ไม่เคย,เคย,ไม่เคย,ไม่เคย,ไม่เคย,เคย,ไม่เคย,ไม่เคย,ไม่เคย,ไม่เคย,ไม่เคย,ไม่เคย,ไม่เคย,เคย,เคย,เคย
20-03-21, 11:55:28,ไม่เคย,เคย,ไม่เคย,ไม่เคย,เคย,ไม่เคย,ไม่เคย,ไม่เคย,ไม่เคย,ไม่เคย,ไม่เคย,เคย,เคย,ไม่เคย,เคย,ไม่เคย,เคย,ไม่เคย,เคย,เคย,เคย,เคย,ไม่เคย,ไม่เคย,เคย,ไม่เคย,ไม่เคย,เคย,ไม่เคย,ไม่เคย,ไม่เคย,เคย,เคย,ไม่เคย,ไม่เคย,ไม่เคย,ไม่เคย,ไม่เคย,เคย,ไม่เคย,ไม่เคย,ไม่เคย,ไม่เคย,ไม่เคย,ไม่เคย,ไม่เคย,เคย,ไม่เคย,ไม่เคย,เคย,ไม่เคย,ไม่เคย,ไม่เคย,ไม่เคย,ไม่เคย,ไม่เคย,เคย,ไม่เคย,เคย,เคย,เคย
20-03-21, 11:55:36,ไม่เคย,ไม่เคย,ไม่เคย,ไม่เคย,ไม่เคย,ไม่เคย,ไม่เคย,ไม่เคย,เคย,ไม่เคย,ไม่เคย,ไม่เคย,ไม่เคย,ไม่เคย,ไม่เคย,ไม่เคย,เคย,ไม่เคย,เคย,เคย,ไม่เคย,ไม่เคย,ไม่เคย,ไม่เคย,เคย,ไม่เคย,ไม่เคย,ไม่เคย,ไม่เคย,ไม่เคย,ไม่เคย,เคย,เคย,ไม่เคย,เคย,ไม่เคย,ไม่เคย,เคย,ไม่เคย,เคย,ไม่เคย,ไม่เคย,เคย,ไม่เคย,ไม่เคย,ไม่เคย,เคย,ไม่เคย,ไม่เคย,เคย,ไม่เคย,ไม่เคย,ไม่เคย,ไม่เคย,ไม่เคย,ไม่เคย,ไม่เคย,ไม่เคย,เคย,เคย,เคย
20-03-21, 11:55:50,เคย,เคย,เคย,เคย,เคย,เคย,เคย,เคย,ไม่เคย,ไม่เคย,เคย,เคย,ไม่เคย,เคย,ไม่เคย,เคย,เคย,เคย,เคย,ไม่เคย,ไม่เคย,เคย,เคย,เคย,ไม่เคย,ไม่เคย,เคย,ไม่เคย,เคย,เคย,เคย,เคย,เคย,ไม่เคย,เคย,เคย,ไม่เคย,เคย,เคย,เคย,เคย,เคย,เคย,ไม่เคย,เคย,เคย,เคย,เคย,ไม่เคย,ไม่เคย,ไม่เคย,ไม่เคย,เคย,เคย,เคย,ไม่เคย,เคย,เคย,เคย,เคย,เคย
20-03-21, 11:56:14,ไม่เคย,เคย,เคย,ไม่เคย,เคย,ไม่เคย,ไม่เคย,ไม่เคย,เคย,เคย,ไม่เคย,เคย,เคย,เคย,เคย,ไม่เคย,เคย,เคย,เคย,ไม่เคย,เคย,เคย,เคย,เคย,เคย,ไม่เคย,ไม่เคย,เคย,เคย,เคย,ไม่เคย,เคย,เคย,ไม่เคย,ไม่เคย,ไม่เคย,เคย,ไม่เคย,เคย,เคย,ไม่เคย,ไม่เคย,ไม่เคย,เคย,ไม่เคย,เคย,เคย,เคย,เคย,เคย,เคย,เคย,ไม่เคย,เคย,เคย,เคย,เคย,ไม่เคย,เคย,เคย,เคย
20-03-21, 11:56:24,เคย,เคย,ไม่เคย,ไม่เคย,ไม่เคย,ไม่เคย,ไม่เคย,ไม่เคย,เคย,ไม่เคย,ไม่เคย,เคย,เคย,เคย,ไม่เคย,ไม่เคย,เคย,เคย,เคย,ไม่เคย,ไม่เคย,เคย,เคย,ไม่เคย,ไม่เคย,ไม่เคย,เคย,ไม่เคย,ไม่เคย,ไม่เคย,เคย,เคย,เคย,ไม่เคย,เคย,เคย,เคย,ไม่เคย,เคย,เคย,ไม่เคย,ไม่เคย,ไม่เคย,ไม่เคย,ไม่เคย,ไม่เคย,เคย,เคย,เคย,ไม่เคย,ไม่เคย,ไม่เคย,ไม่เคย,ไม่เคย,ไม่เคย,ไม่เคย,เคย,เคย,เคย,เคย,เคย
20-03-21, 11:56:43,ไม่เคย,ไม่เคย,ไม่เคย,ไม่เคย,ไม่เคย,ไม่เคย,ไม่เคย,ไม่เคย,ไม่เคย,ไม่เคย,ไม่เคย,ไม่เคย,เคย,เคย,ไม่เคย,ไม่เคย,เคย,ไม่เคย,เคย,ไม่เคย,ไม่เคย,ไม่เคย,ไม่เคย,ไม่เคย,ไม่เคย,ไม่เคย,ไม่เคย,ไม่เคย,ไม่เคย,ไม่เคย,ไม่เคย,เคย,เคย,ไม่เคย,เคย,ไม่เคย,ไม่เคย,ไม่เคย,เคย,ไม่เคย,ไม่เคย,ไม่เคย,เคย,ไม่เคย,ไม่เคย,ไม่เคย,ไม่เคย,ไม่เคย,ไม่เคย,เคย,ไม่เคย,ไม่เคย,ไม่เคย,ไม่เคย,ไม่เคย,เคย,ไม่เคย,ไม่เคย,เคย,ไม่เคย,เคย
20-03-21, 11:57:02,ไม่เคย,ไม่เคย,ไม่เคย,ไม่เคย,ไม่เคย,ไม่เคย,ไม่เคย,ไม่เคย,ไม่เคย,ไม่เคย,ไม่เคย,เคย,เคย,เคย,ไม่เคย,เคย,เคย,เคย,เคย,เคย,ไม่เคย,เคย,ไม่เคย,เคย,เคย,ไม่เคย,ไม่เคย,ไม่เคย,ไม่เคย,เคย,ไม่เคย,เคย,เคย,ไม่เคย,เคย,ไม่เคย,เคย,ไม่เคย,เคย,ไม่เคย,ไม่เคย,ไม่เคย,ไม่เคย,ไม่เคย,ไม่เคย,ไม่เคย,เคย,ไม่เคย,ไม่เคย,เคย,ไม่เคย,ไม่เคย,ไม่เคย,ไม่เคย,ไม่เคย,ไม่เคย,เคย,ไม่เคย,เคย,เคย,เคย
20-03-21, 11:57:38,ไม่เคย,ไม่เคย,ไม่เคย,ไม่เคย,ไม่เคย,เคย,ไม่เคย,เคย,ไม่เคย,ไม่เคย,ไม่เคย,เคย,เคย,ไม่เคย,ไม่เคย,เคย,เคย,เคย,เคย,เคย,ไม่เคย,ไม่เคย,เคย,ไม่เคย,เคย,ไม่เคย,ไม่เคย,ไม่เคย,ไม่เคย,เคย,ไม่เคย,เคย,เคย,ไม่เคย,เคย,ไม่เคย,ไม่เคย,ไม่เคย,เคย,ไม่เคย,ไม่เคย,ไม่เคย,ไม่เคย,ไม่เคย,ไม่เคย,ไม่เคย,เคย,ไม่เคย,ไม่เคย,ไม่เคย,เคย,ไม่เคย,ไม่เคย,ไม่เคย,ไม่เคย,ไม่เคย,ไม่เคย,ไม่เคย,เคย,ไม่เคย,เคย
20-03-21, 11:57:42,เคย,เคย,ไม่เคย,เคย,เคย,ไม่เคย,ไม่เคย,ไม่เคย,เคย,ไม่เคย,ไม่เคย,ไม่เคย,เคย,ไม่เคย,เคย,เคย,เคย,ไม่เคย,เคย,ไม่เคย,ไม่เคย,เคย,ไม่เคย,เคย,เคย,เคย,ไม่เคย,เคย,เคย,เคย,ไม่เคย,เคย,เคย,ไม่เคย,ไม่เคย,ไม่เคย,ไม่เคย,ไม่เคย,เคย,ไม่เคย,ไม่เคย,ไม่เคย,เคย,เคย,ไม่เคย,ไม่เคย,เคย,ไม่เคย,ไม่เคย,ไม่เคย,ไม่เคย,ไม่เคย,ไม่เคย,ไม่เคย,ไม่เคย,ไม่เคย,เคย,ไม่เคย,ไม่เคย,เคย,เคย
20-03-21, 11:59:34,ไม่เคย,เคย,ไม่เคย,ไม่เคย,ไม่เคย,ไม่เคย,ไม่เคย,ไม่เคย,ไม่เคย,ไม่เคย,ไม่เคย,เคย,เคย,เคย,ไม่เคย,ไม่เคย,เคย,เคย,เคย,ไม่เคย,ไม่เคย,ไม่เคย,เคย,เคย,เคย,เคย,ไม่เคย,ไม่เคย,เคย,เคย,เคย,เคย,เคย,ไม่เคย,เคย,ไม่เคย,เคย,ไม่เคย,เคย,ไม่เคย,ไม่เคย,ไม่เคย,ไม่เคย,ไม่เคย,ไม่เคย,ไม่เคย,เคย,ไม่เคย,เคย,เคย,ไม่เคย,ไม่เคย,ไม่เคย,ไม่เคย,ไม่เคย,ไม่เคย,ไม่เคย,ไม่เคย,ไม่เคย,เคย,เคย
20-03-21, 11:59:47,เคย,ไม่เคย,เคย,เคย,เคย,เคย,เคย,ไม่เคย,ไม่เคย,ไม่เคย,ไม่เคย,เคย,เคย,เคย,ไม่เคย,เคย,เคย,เคย,เคย,ไม่เคย,ไม่เคย,ไม่เคย,ไม่เคย,เคย,เคย,ไม่เคย,ไม่เคย,ไม่เคย,ไม่เคย,เคย,ไม่เคย,เคย,เคย,ไม่เคย,ไม่เคย,ไม่เคย,ไม่เคย,เคย,เคย,ไม่เคย,ไม่เคย,ไม่เคย,เคย,ไม่เคย,ไม่เคย,,เคย,ไม่เคย,ไม่เคย,เคย,ไม่เคย,ไม่เคย,ไม่เคย,เคย,เคย,ไม่เคย,ไม่เคย,ไม่เคย,ไม่เคย,เคย,เคย
20-03-21, 12:00:57,ไม่เคย,ไม่เคย,ไม่เคย,ไม่เคย,ไม่เคย,ไม่เคย,ไม่เคย,ไม่เคย,ไม่เคย,ไม่เคย,ไม่เคย,ไม่เคย,เคย,ไม่เคย,ไม่เคย,ไม่เคย,เคย,ไม่เคย,เคย,ไม่เคย,ไม่เคย,ไม่เคย,เคย,ไม่เคย,เคย,ไม่เคย,ไม่เคย,ไม่เคย,ไม่เคย,ไม่เคย,ไม่เคย,เคย,เคย,ไม่เคย,ไม่เคย,ไม่เคย,เคย,ไม่เคย,เคย,ไม่เคย,ไม่เคย,ไม่เคย,ไม่เคย,ไม่เคย,ไม่เคย,ไม่เคย,เคย,ไม่เคย,เคย,เคย,ไม่เคย,เคย,ไม่เคย,ไม่เคย,ไม่เคย,เคย,เคย,ไม่เคย,เคย,ไม่เคย,เคย
20-03-21, 12:01:55,เคย,เคย,ไม่เคย,ไม่เคย,เคย,ไม่เคย,ไม่เคย,เคย,ไม่เคย,ไม่เคย,ไม่เคย,ไม่เคย,เคย,เคย,เคย,ไม่เคย,เคย,เคย,เคย,เคย,เคย,เคย,เคย,เคย,เคย,ไม่เคย,ไม่เคย,เคย,ไม่เคย,เคย,ไม่เคย,เคย,เคย,ไม่เคย,ไม่เคย,ไม่เคย,เคย,เคย,เคย,ไม่เคย,ไม่เคย,ไม่เคย,ไม่เคย,เคย,ไม่เคย,เคย,เคย,เคย,เคย,เคย,ไม่เคย,เคย,ไม่เคย,ไม่เคย,ไม่เคย,ไม่เคย,ไม่เคย,ไม่เคย,ไม่เคย,เคย,เคย
20-03-21, 12:01:55,ไม่เคย,เคย,ไม่เคย,ไม่เคย,เคย,ไม่เคย,ไม่เคย,ไม่เคย,ไม่เคย,ไม่เคย,ไม่เคย,ไม่เคย,เคย,ไม่เคย,ไม่เคย,ไม่เคย,เคย,ไม่เคย,เคย,ไม่เคย,ไม่เคย,เคย,ไม่เคย,เคย,ไม่เคย,ไม่เคย,ไม่เคย,ไม่เคย,ไม่เคย,เคย,เคย,เคย,เคย,ไม่เคย,ไม่เคย,ไม่เคย,ไม่เคย,ไม่เคย,เคย,ไม่เคย,เคย,ไม่เคย,ไม่เคย,ไม่เคย,ไม่เคย,ไม่เคย,เคย,ไม่เคย,ไม่เคย,ไม่เคย,ไม่เคย,เคย,ไม่เคย,ไม่เคย,ไม่เคย,ไม่เคย,ไม่เคย,ไม่เคย,เคย,เคย,เคย
20-03-21, 12:02:08,ไม่เคย,ไม่เคย,ไม่เคย,ไม่เคย,ไม่เคย,ไม่เคย,ไม่เคย,ไม่เคย,ไม่เคย,ไม่เคย,เคย,เคย,เคย,เคย,ไม่เคย,ไม่เคย,เคย,เคย,เคย,ไม่เคย,ไม่เคย,ไม่เคย,ไม่เคย,เคย,เคย,ไม่เคย,ไม่เคย,ไม่เคย,ไม่เคย,เคย,ไม่เคย,เคย,เคย,ไม่เคย,เคย,ไม่เคย,ไม่เคย,ไม่เคย,เคย,ไม่เคย,เคย,ไม่เคย,ไม่เคย,ไม่เคย,ไม่เคย,ไม่เคย,เคย,เคย,ไม่เคย,เคย,ไม่เคย,ไม่เคย,ไม่เคย,ไม่เคย,ไม่เคย,ไม่เคย,ไม่เคย,ไม่เคย,ไม่เคย,เคย,เคย
20-03-21, 12:02:12,ไม่เคย,เคย,ไม่เคย,ไม่เคย,ไม่เคย,ไม่เคย,ไม่เคย,เคย,ไม่เคย,ไม่เคย,ไม่เคย,ไม่เคย,เคย,เคย,ไม่เคย,ไม่เคย,เคย,เคย,ไม่เคย,ไม่เคย,ไม่เคย,ไม่เคย,ไม่เคย,ไม่เคย,ไม่เคย,ไม่เคย,ไม่เคย,ไม่เคย,ไม่เคย,ไม่เคย,ไม่เคย,เคย,เคย,ไม่เคย,เคย,ไม่เคย,เคย,ไม่เคย,เคย,ไม่เคย,เคย,ไม่เคย,ไม่เคย,ไม่เคย,ไม่เคย,ไม่เคย,เคย,ไม่เคย,เคย,ไม่เคย,ไม่เคย,ไม่เคย,ไม่เคย,ไม่เคย,ไม่เคย,ไม่เคย,ไม่เคย,ไม่เคย,เคย,เคย,เคย
20-03-21, 12:02:35,เคย,เคย,ไม่เคย,ไม่เคย,เคย,ไม่เคย,ไม่เคย,เคย,เคย,ไม่เคย,ไม่เคย,เคย,เคย,เคย,ไม่เคย,ไม่เคย,ไม่เคย,เคย,เคย,เคย,ไม่เคย,เคย,เคย,ไม่เคย,ไม่เคย,ไม่เคย,ไม่เคย,ไม่เคย,ไม่เคย,ไม่เคย,ไม่เคย,เคย,เคย,เคย,เคย,ไม่เคย,เคย,ไม่เคย,ไม่เคย,เคย,ไม่เคย,ไม่เคย,ไม่เคย,เคย,ไม่เคย,เคย,เคย,ไม่เคย,ไม่เคย,เคย,ไม่เคย,ไม่เคย,ไม่เคย,ไม่เคย,ไม่เคย,ไม่เคย,ไม่เคย,ไม่เคย,ไม่เคย,เคย,เคย
20-03-21, 12:02:36,ไม่เคย,เคย,ไม่เคย,ไม่เคย,ไม่เคย,ไม่เคย,เคย,ไม่เคย,เคย,ไม่เคย,ไม่เคย,เคย,เคย,เคย,ไม่เคย,ไม่เคย,เคย,เคย,เคย,ไม่เคย,ไม่เคย,ไม่เคย,เคย,เคย,เคย,ไม่เคย,ไม่เคย,ไม่เคย,ไม่เคย,เคย,ไม่เคย,เคย,เคย,ไม่เคย,ไม่เคย,ไม่เคย,ไม่เคย,ไม่เคย,เคย,เคย,ไม่เคย,ไม่เคย,เคย,ไม่เคย,ไม่เคย,ไม่เคย,เคย,ไม่เคย,ไม่เคย,ไม่เคย,ไม่เคย,เคย,ไม่เคย,ไม่เคย,ไม่เคย,ไม่เคย,ไม่เคย,ไม่เคย,เคย,เคย,เคย
20-03-21, 12:02:38,ไม่เคย,เคย,ไม่เคย,ไม่เคย,ไม่เคย,ไม่เคย,ไม่เคย,ไม่เคย,ไม่เคย,ไม่เคย,ไม่เคย,ไม่เคย,ไม่เคย,เคย,ไม่เคย,ไม่เคย,เคย,ไม่เคย,ไม่เคย,ไม่เคย,ไม่เคย,ไม่เคย,ไม่เคย,ไม่เคย,เคย,ไม่เคย,ไม่เคย,เคย,ไม่เคย,ไม่เคย,ไม่เคย,เคย,เคย,ไม่เคย,เคย,ไม่เคย,ไม่เคย,ไม่เคย,ไม่เคย,ไม่เคย,ไม่เคย,ไม่เคย,ไม่เคย,ไม่เคย,ไม่เคย,ไม่เคย,เคย,ไม่เคย,ไม่เคย,ไม่เคย,ไม่เคย,ไม่เคย,ไม่เคย,ไม่เคย,ไม่เคย,ไม่เคย,ไม่เคย,ไม่เคย,เคย,เคย,เคย
20-03-21, 12:02:55,เคย,เคย,เคย,เคย,ไม่เคย,เคย,ไม่เคย,ไม่เคย,ไม่เคย,ไม่เคย,ไม่เคย,เคย,เคย,เคย,ไม่เคย,เคย,เคย,เคย,เคย,เคย,ไม่เคย,เคย,เคย,เคย,เคย,เคย,ไม่เคย,ไม่เคย,ไม่เคย,เคย,ไม่เคย,เคย,เคย,เคย,เคย,ไม่เคย,ไม่เคย,เคย,เคย,เคย,เคย,ไม่เคย,เคย,เคย,ไม่เคย,ไม่เคย,เคย,ไม่เคย,ไม่เคย,เคย,เคย,ไม่เคย,เคย,เคย,ไม่เคย,ไม่เคย,เคย,เคย,เคย,เคย,เคย
20-03-21, 12:03:11,เคย,เคย,ไม่เคย,เคย,ไม่เคย,ไม่เคย,ไม่เคย,ไม่เคย,ไม่เคย,ไม่เคย,ไม่เคย,เคย,เคย,ไม่เคย,ไม่เคย,เคย,เคย,เคย,ไม่เคย,ไม่เคย,ไม่เคย,เคย,เคย,ไม่เคย,เคย,ไม่เคย,ไม่เคย,ไม่เคย,ไม่เคย,ไม่เคย,ไม่เคย,เคย,เคย,ไม่เคย,ไม่เคย,ไม่เคย,ไม่เคย,ไม่เคย,เคย,ไม่เคย,ไม่เคย,ไม่เคย,ไม่เคย,ไม่เคย,ไม่เคย,ไม่เคย,เคย,เคย,ไม่เคย,เคย,ไม่เคย,เคย,เคย,ไม่เคย,ไม่เคย,ไม่เคย,ไม่เคย,ไม่เคย,เคย,ไม่เคย,เคย
20-03-21, 12:03:21,ไม่เคย,ไม่เคย,ไม่เคย,เคย,ไม่เคย,ไม่เคย,ไม่เคย,ไม่เคย,ไม่เคย,ไม่เคย,ไม่เคย,เคย,เคย,เคย,ไม่เคย,เคย,เคย,เคย,เคย,ไม่เคย,เคย,เคย,เคย,เคย,เคย,ไม่เคย,ไม่เคย,ไม่เคย,เคย,เคย,ไม่เคย,เคย,เคย,ไม่เคย,ไม่เคย,ไม่เคย,ไม่เคย,เคย,เคย,ไม่เคย,ไม่เคย,ไม่เคย,ไม่เคย,เคย,ไม่เคย,ไม่เคย,เคย,ไม่เคย,ไม่เคย,เคย,ไม่เคย,ไม่เคย,ไม่เคย,ไม่เคย,ไม่เคย,เคย,เคย,ไม่เคย,ไม่เคย,ไม่เคย,เคย
20-03-21, 12:03:25,ไม่เคย,เคย,ไม่เคย,เคย,ไม่เคย,ไม่เคย,ไม่เคย,ไม่เคย,ไม่เคย,เคย,ไม่เคย,เคย,ไม่เคย,ไม่เคย,ไม่เคย,เคย,เคย,เคย,ไม่เคย,เคย,เคย,ไม่เคย,ไม่เคย,เคย,เคย,ไม่เคย,ไม่เคย,เคย,เคย,เคย,ไม่เคย,เคย,เคย,ไม่เคย,เคย,ไม่เคย,ไม่เคย,เคย,เคย,ไม่เคย,ไม่เคย,ไม่เคย,ไม่เคย,เคย,ไม่เคย,ไม่เคย,เคย,ไม่เคย,ไม่เคย,เคย,ไม่เคย,เคย,ไม่เคย,ไม่เคย,ไม่เคย,ไม่เคย,เคย,ไม่เคย,เคย,ไม่เคย,เคย
20-03-21, 12:03:53,เคย,ไม่เคย,ไม่เคย,เคย,ไม่เคย,ไม่เคย,ไม่เคย,เคย,เคย,ไม่เคย,ไม่เคย,เคย,เคย,เคย,ไม่เคย,เคย,เคย,ไม่เคย,เคย,ไม่เคย,ไม่เคย,เคย,เคย,เคย,เคย,ไม่เคย,ไม่เคย,ไม่เคย,ไม่เคย,เคย,เคย,เคย,เคย,ไม่เคย,เคย,ไม่เคย,ไม่เคย,ไม่เคย,เคย,เคย,ไม่เคย,เคย,ไม่เคย,เคย,ไม่เคย,ไม่เคย,เคย,ไม่เคย,ไม่เคย,ไม่เคย,ไม่เคย,เคย,ไม่เคย,ไม่เคย,ไม่เคย,ไม่เคย,ไม่เคย,ไม่เคย,เคย,เคย,เคย
20-03-21, 12:04:19,ไม่เคย,ไม่เคย,เคย,เคย,ไม่เคย,เคย,เคย,ไม่เคย,ไม่เคย,ไม่เคย,เคย,เคย,เคย,ไม่เคย,ไม่เคย,ไม่เคย,เคย,เคย,เคย,เคย,ไม่เคย,เคย,เคย,เคย,เคย,เคย,ไม่เคย,ไม่เคย,ไม่เคย,ไม่เคย,ไม่เคย,เคย,เคย,ไม่เคย,เคย,ไม่เคย,ไม่เคย,ไม่เคย,เคย,ไม่เคย,ไม่เคย,ไม่เคย,เคย,ไม่เคย,ไม่เคย,ไม่เคย,เคย,ไม่เคย,ไม่เคย,ไม่เคย,ไม่เคย,เคย,ไม่เคย,ไม่เคย,ไม่เคย,ไม่เคย,ไม่เคย,ไม่เคย,ไม่เคย,เคย,เคย
