,ประทับเวลา,Mountain bike,Collagen,Brownie space,Mekhong,Botox,Marijuana Cannabis,Hemp Cannabis,Sphygmomanometer,Light Bulb RGB,Bikini wax,Massage chair,Ornamental trees,Bolster,Scales,Botox,SangSom,Curry puff,Lego,Fan,Booze,Sexy nightdress,Dumbell,Robotic Vacuum Cleaner,Wagyu beef,Moo dad deaw,Drone,Bio Composter,See-through shirt,Gypsy card,Grill beef,Paper shredder,Bag,Shabu,Surfskate,Board game,Bio Composter,Dog dress,Omakase,Cashew nuts,Smart lights,Electric Hair Clipper,Dyson Hair dryer,Vinyle ,Nose hair scissors,PS5,Blood glucose meter,Roti,Pickled Shrimp Paste,Dog,Package Travel Thailand,FIFA Online,Light mango,Automatic cat toilet,Chanel bag,Kaki Kajak Pork Leg with Rice (Online),Cordyceps,Healthy pillow for insomnia,"Cat food clean, healthy shape",Deedo Orange Juice,Licensed Software,Sunscreen
20-03-21, 11:53:45,ไม่เคย,ไม่เคย,ไม่เคย,ไม่เคย,ไม่เคย,ไม่เคย,ไม่เคย,ไม่เคย,ไม่เคย,ไม่เคย,ไม่เคย,ไม่เคย,เคย,ไม่เคย,ไม่เคย,ไม่เคย,เคย,เคย,เคย,ไม่เคย,ไม่เคย,ไม่เคย,เคย,เคย,เคย,ไม่เคย,ไม่เคย,ไม่เคย,ไม่เคย,เคย,ไม่เคย,เคย,เคย,ไม่เคย,เคย,ไม่เคย,ไม่เคย,เคย,เคย,ไม่เคย,ไม่เคย,ไม่เคย,ไม่เคย,เคย,เคย,ไม่เคย,เคย,ไม่เคย,ไม่เคย,ไม่เคย,ไม่เคย,ไม่เคย,ไม่เคย,ไม่เคย,ไม่เคย,ไม่เคย,ไม่เคย,ไม่เคย,เคย,เคย,เคย
20-03-21, 11:54:01,ไม่เคย,เคย,ไม่เคย,เคย,ไม่เคย,ไม่เคย,ไม่เคย,เคย,ไม่เคย,ไม่เคย,ไม่เคย,ไม่เคย,เคย,เคย,ไม่เคย,เคย,เคย,ไม่เคย,เคย,ไม่เคย,เคย,เคย,เคย,ไม่เคย,เคย,ไม่เคย,ไม่เคย,เคย,เคย,ไม่เคย,ไม่เคย,เคย,เคย,ไม่เคย,ไม่เคย,ไม่เคย,ไม่เคย,ไม่เคย,เคย,ไม่เคย,ไม่เคย,ไม่เคย,ไม่เคย,เคย,ไม่เคย,เคย,เคย,เคย,ไม่เคย,เคย,ไม่เคย,เคย,ไม่เคย,ไม่เคย,ไม่เคย,เคย,เคย,ไม่เคย,เคย,ไม่เคย,เคย
20-03-21, 11:54:05,เคย,ไม่เคย,ไม่เคย,ไม่เคย,ไม่เคย,ไม่เคย,ไม่เคย,เคย,เคย,ไม่เคย,ไม่เคย,เคย,เคย,เคย,ไม่เคย,ไม่เคย,เคย,เคย,เคย,ไม่เคย,เคย,เคย,ไม่เคย,เคย,เคย,เคย,ไม่เคย,เคย,ไม่เคย,เคย,เคย,เคย,เคย,เคย,เคย,ไม่เคย,เคย,ไม่เคย,เคย,เคย,เคย,ไม่เคย,ไม่เคย,ไม่เคย,ไม่เคย,เคย,เคย,ไม่เคย,เคย,ไม่เคย,ไม่เคย,เคย,ไม่เคย,ไม่เคย,ไม่เคย,ไม่เคย,เคย,ไม่เคย,เคย,เคย,เคย
20-03-21, 11:54:13,ไม่เคย,ไม่เคย,ไม่เคย,เคย,ไม่เคย,เคย,ไม่เคย,ไม่เคย,ไม่เคย,ไม่เคย,เคย,เคย,เคย,เคย,ไม่เคย,เคย,เคย,เคย,เคย,เคย,ไม่เคย,ไม่เคย,เคย,เคย,เคย,ไม่เคย,ไม่เคย,ไม่เคย,ไม่เคย,เคย,ไม่เคย,เคย,เคย,ไม่เคย,เคย,ไม่เคย,ไม่เคย,เคย,เคย,ไม่เคย,เคย,ไม่เคย,ไม่เคย,เคย,ไม่เคย,ไม่เคย,เคย,ไม่เคย,ไม่เคย,ไม่เคย,เคย,ไม่เคย,ไม่เคย,ไม่เคย,ไม่เคย,ไม่เคย,ไม่เคย,ไม่เคย,ไม่เคย,ไม่เคย,เคย
20-03-21, 11:54:18,ไม่เคย,เคย,ไม่เคย,ไม่เคย,เคย,ไม่เคย,ไม่เคย,ไม่เคย,ไม่เคย,ไม่เคย,ไม่เคย,เคย,ไม่เคย,ไม่เคย,เคย,ไม่เคย,เคย,ไม่เคย,เคย,ไม่เคย,ไม่เคย,เคย,เคย,ไม่เคย,เคย,ไม่เคย,ไม่เคย,ไม่เคย,เคย,ไม่เคย,ไม่เคย,เคย,เคย,ไม่เคย,เคย,ไม่เคย,เคย,ไม่เคย,เคย,ไม่เคย,ไม่เคย,เคย,ไม่เคย,ไม่เคย,ไม่เคย,ไม่เคย,เคย,ไม่เคย,เคย,,ไม่เคย,ไม่เคย,ไม่เคย,เคย,ไม่เคย,ไม่เคย,เคย,ไม่เคย,เคย,เคย,เคย
20-03-21, 11:54:21,เคย,เคย,ไม่เคย,ไม่เคย,ไม่เคย,ไม่เคย,ไม่เคย,เคย,ไม่เคย,ไม่เคย,ไม่เคย,เคย,เคย,เคย,ไม่เคย,ไม่เคย,เคย,เคย,เคย,ไม่เคย,ไม่เคย,เคย,เคย,เคย,เคย,ไม่เคย,ไม่เคย,เคย,ไม่เคย,เคย,ไม่เคย,เคย,เคย,ไม่เคย,ไม่เคย,ไม่เคย,เคย,ไม่เคย,เคย,ไม่เคย,ไม่เคย,ไม่เคย,ไม่เคย,เคย,ไม่เคย,ไม่เคย,เคย,ไม่เคย,เคย,ไม่เคย,ไม่เคย,เคย,ไม่เคย,ไม่เคย,ไม่เคย,,เคย,ไม่เคย,ไม่เคย,ไม่เคย,เคย
20-03-21, 11:54:34,ไม่เคย,ไม่เคย,ไม่เคย,เคย,ไม่เคย,ไม่เคย,ไม่เคย,เคย,ไม่เคย,ไม่เคย,ไม่เคย,เคย,เคย,ไม่เคย,ไม่เคย,เคย,เคย,ไม่เคย,เคย,ไม่เคย,ไม่เคย,เคย,ไม่เคย,เคย,เคย,ไม่เคย,ไม่เคย,ไม่เคย,ไม่เคย,เคย,ไม่เคย,เคย,เคย,ไม่เคย,เคย,ไม่เคย,เคย,ไม่เคย,เคย,ไม่เคย,ไม่เคย,ไม่เคย,ไม่เคย,ไม่เคย,ไม่เคย,ไม่เคย,เคย,เคย,ไม่เคย,ไม่เคย,ไม่เคย,เคย,ไม่เคย,ไม่เคย,ไม่เคย,ไม่เคย,เคย,ไม่เคย,เคย,เคย,เคย
20-03-21, 11:54:40,ไม่เคย,ไม่เคย,ไม่เคย,ไม่เคย,ไม่เคย,ไม่เคย,ไม่เคย,เคย,ไม่เคย,ไม่เคย,ไม่เคย,เคย,เคย,เคย,ไม่เคย,เคย,ไม่เคย,ไม่เคย,ไม่เคย,ไม่เคย,ไม่เคย,เคย,เคย,ไม่เคย,,ไม่เคย,ไม่เคย,ไม่เคย,ไม่เคย,ไม่เคย,ไม่เคย,เคย,เคย,ไม่เคย,เคย,ไม่เคย,ไม่เคย,ไม่เคย,เคย,ไม่เคย,ไม่เคย,ไม่เคย,ไม่เคย,ไม่เคย,ไม่เคย,ไม่เคย,ไม่เคย,ไม่เคย,ไม่เคย,ไม่เคย,ไม่เคย,ไม่เคย,ไม่เคย,,ไม่เคย,ไม่เคย,ไม่เคย,ไม่เคย,ไม่เคย,ไม่เคย,เคย
20-03-21, 11:54:46,ไม่เคย,ไม่เคย,ไม่เคย,ไม่เคย,ไม่เคย,เคย,ไม่เคย,เคย,ไม่เคย,ไม่เคย,ไม่เคย,เคย,เคย,เคย,ไม่เคย,ไม่เคย,เคย,ไม่เคย,เคย,ไม่เคย,ไม่เคย,เคย,เคย,เคย,เคย,ไม่เคย,ไม่เคย,ไม่เคย,เคย,เคย,ไม่เคย,เคย,เคย,ไม่เคย,เคย,ไม่เคย,ไม่เคย,ไม่เคย,เคย,เคย,ไม่เคย,ไม่เคย,ไม่เคย,ไม่เคย,ไม่เคย,เคย,เคย,ไม่เคย,ไม่เคย,เคย,ไม่เคย,ไม่เคย,ไม่เคย,ไม่เคย,เคย,เคย,ไม่เคย,ไม่เคย,ไม่เคย,เคย,เคย
20-03-21, 11:54:47,ไม่เคย,เคย,ไม่เคย,ไม่เคย,ไม่เคย,ไม่เคย,ไม่เคย,เคย,ไม่เคย,ไม่เคย,ไม่เคย,เคย,เคย,ไม่เคย,ไม่เคย,ไม่เคย,เคย,เคย,ไม่เคย,เคย,ไม่เคย,เคย,ไม่เคย,เคย,เคย,ไม่เคย,ไม่เคย,ไม่เคย,ไม่เคย,เคย,ไม่เคย,เคย,เคย,ไม่เคย,ไม่เคย,ไม่เคย,เคย,ไม่เคย,เคย,ไม่เคย,ไม่เคย,ไม่เคย,ไม่เคย,ไม่เคย,ไม่เคย,ไม่เคย,เคย,ไม่เคย,ไม่เคย,ไม่เคย,ไม่เคย,เคย,ไม่เคย,ไม่เคย,ไม่เคย,ไม่เคย,ไม่เคย,ไม่เคย,ไม่เคย,เคย,เคย
20-03-21, 11:54:53,เคย,ไม่เคย,ไม่เคย,ไม่เคย,ไม่เคย,ไม่เคย,ไม่เคย,ไม่เคย,ไม่เคย,ไม่เคย,ไม่เคย,ไม่เคย,เคย,ไม่เคย,ไม่เคย,ไม่เคย,ไม่เคย,ไม่เคย,ไม่เคย,ไม่เคย,ไม่เคย,เคย,ไม่เคย,เคย,เคย,ไม่เคย,ไม่เคย,ไม่เคย,ไม่เคย,เคย,ไม่เคย,เคย,เคย,ไม่เคย,ไม่เคย,ไม่เคย,ไม่เคย,ไม่เคย,เคย,ไม่เคย,ไม่เคย,ไม่เคย,ไม่เคย,เคย,ไม่เคย,ไม่เคย,เคย,ไม่เคย,ไม่เคย,ไม่เคย,ไม่เคย,เคย,ไม่เคย,ไม่เคย,เคย,ไม่เคย,ไม่เคย,ไม่เคย,ไม่เคย,เคย,เคย
20-03-21, 11:54:57,ไม่เคย,ไม่เคย,ไม่เคย,เคย,ไม่เคย,เคย,ไม่เคย,เคย,ไม่เคย,ไม่เคย,ไม่เคย,เคย,เคย,เคย,ไม่เคย,เคย,เคย,ไม่เคย,เคย,ไม่เคย,ไม่เคย,ไม่เคย,ไม่เคย,เคย,เคย,ไม่เคย,ไม่เคย,ไม่เคย,ไม่เคย,เคย,ไม่เคย,เคย,เคย,ไม่เคย,ไม่เคย,,ไม่เคย,ไม่เคย,เคย,เคย,ไม่เคย,ไม่เคย,ไม่เคย,เคย,ไม่เคย,ไม่เคย,เคย,ไม่เคย,ไม่เคย,ไม่เคย,ไม่เคย,ไม่เคย,ไม่เคย,ไม่เคย,ไม่เคย,ไม่เคย,ไม่เคย,ไม่เคย,ไม่เคย,เคย,เคย
20-03-21, 11:55:00,เคย,เคย,ไม่เคย,ไม่เคย,ไม่เคย,ไม่เคย,ไม่เคย,ไม่เคย,ไม่เคย,เคย,ไม่เคย,เคย,เคย,เคย,ไม่เคย,ไม่เคย,เคย,เคย,เคย,ไม่เคย,ไม่เคย,เคย,เคย,เคย,เคย,ไม่เคย,ไม่เคย,เคย,ไม่เคย,เคย,เคย,เคย,เคย,ไม่เคย,เคย,ไม่เคย,เคย,เคย,เคย,เคย,ไม่เคย,เคย,เคย,เคย,ไม่เคย,เคย,เคย,ไม่เคย,เคย,ไม่เคย,ไม่เคย,เคย,ไม่เคย,ไม่เคย,ไม่เคย,ไม่เคย,เคย,ไม่เคย,เคย,เคย,เคย
20-03-21, 11:55:00,ไม่เคย,ไม่เคย,ไม่เคย,ไม่เคย,ไม่เคย,ไม่เคย,ไม่เคย,ไม่เคย,ไม่เคย,ไม่เคย,ไม่เคย,ไม่เคย,ไม่เคย,เคย,ไม่เคย,ไม่เคย,เคย,ไม่เคย,เคย,ไม่เคย,ไม่เคย,ไม่เคย,ไม่เคย,เคย,เคย,ไม่เคย,ไม่เคย,ไม่เคย,ไม่เคย,เคย,ไม่เคย,เคย,เคย,ไม่เคย,เคย,ไม่เคย,ไม่เคย,ไม่เคย,เคย,ไม่เคย,ไม่เคย,ไม่เคย,ไม่เคย,ไม่เคย,ไม่เคย,ไม่เคย,เคย,ไม่เคย,ไม่เคย,เคย,ไม่เคย,ไม่เคย,ไม่เคย,ไม่เคย,ไม่เคย,ไม่เคย,ไม่เคย,ไม่เคย,เคย,เคย,เคย
20-03-21, 11:55:04,ไม่เคย,เคย,ไม่เคย,ไม่เคย,ไม่เคย,ไม่เคย,ไม่เคย,ไม่เคย,ไม่เคย,ไม่เคย,ไม่เคย,เคย,เคย,เคย,ไม่เคย,ไม่เคย,เคย,เคย,เคย,ไม่เคย,ไม่เคย,เคย,ไม่เคย,ไม่เคย,เคย,ไม่เคย,ไม่เคย,เคย,ไม่เคย,เคย,ไม่เคย,เคย,เคย,ไม่เคย,เคย,ไม่เคย,เคย,ไม่เคย,เคย,ไม่เคย,ไม่เคย,ไม่เคย,ไม่เคย,ไม่เคย,ไม่เคย,ไม่เคย,เคย,ไม่เคย,ไม่เคย,ไม่เคย,ไม่เคย,ไม่เคย,ไม่เคย,ไม่เคย,ไม่เคย,ไม่เคย,ไม่เคย,ไม่เคย,เคย,เคย,เคย
20-03-21, 11:55:05,เคย,เคย,ไม่เคย,ไม่เคย,ไม่เคย,ไม่เคย,ไม่เคย,เคย,ไม่เคย,ไม่เคย,ไม่เคย,เคย,เคย,เคย,ไม่เคย,ไม่เคย,เคย,เคย,เคย,ไม่เคย,ไม่เคย,ไม่เคย,เคย,ไม่เคย,ไม่เคย,ไม่เคย,ไม่เคย,ไม่เคย,ไม่เคย,เคย,ไม่เคย,เคย,เคย,ไม่เคย,ไม่เคย,ไม่เคย,ไม่เคย,ไม่เคย,เคย,เคย,ไม่เคย,ไม่เคย,ไม่เคย,เคย,ไม่เคย,ไม่เคย,เคย,ไม่เคย,ไม่เคย,เคย,ไม่เคย,ไม่เคย,ไม่เคย,ไม่เคย,ไม่เคย,เคย,เคย,ไม่เคย,เคย,เคย,เคย
20-03-21, 11:55:10,เคย,เคย,ไม่เคย,ไม่เคย,ไม่เคย,ไม่เคย,ไม่เคย,ไม่เคย,ไม่เคย,ไม่เคย,ไม่เคย,เคย,เคย,เคย,ไม่เคย,ไม่เคย,เคย,เคย,เคย,ไม่เคย,ไม่เคย,เคย,ไม่เคย,เคย,เคย,ไม่เคย,ไม่เคย,ไม่เคย,เคย,เคย,ไม่เคย,เคย,เคย,ไม่เคย,เคย,ไม่เคย,ไม่เคย,ไม่เคย,เคย,ไม่เคย,ไม่เคย,ไม่เคย,ไม่เคย,ไม่เคย,ไม่เคย,ไม่เคย,เคย,เคย,ไม่เคย,เคย,ไม่เคย,เคย,ไม่เคย,ไม่เคย,ไม่เคย,ไม่เคย,ไม่เคย,ไม่เคย,เคย,เคย,เคย
20-03-21, 11:55:15,เคย,ไม่เคย,ไม่เคย,ไม่เคย,ไม่เคย,ไม่เคย,ไม่เคย,เคย,เคย,ไม่เคย,ไม่เคย,ไม่เคย,เคย,เคย,ไม่เคย,ไม่เคย,เคย,เคย,ไม่เคย,ไม่เคย,ไม่เคย,เคย,เคย,เคย,ไม่เคย,ไม่เคย,ไม่เคย,ไม่เคย,เคย,เคย,ไม่เคย,เคย,เคย,ไม่เคย,เคย,ไม่เคย,ไม่เคย,ไม่เคย,ไม่เคย,เคย,ไม่เคย,ไม่เคย,ไม่เคย,ไม่เคย,ไม่เคย,เคย,เคย,ไม่เคย,ไม่เคย,ไม่เคย,ไม่เคย,ไม่เคย,ไม่เคย,ไม่เคย,ไม่เคย,ไม่เคย,ไม่เคย,ไม่เคย,เคย,เคย,เคย
20-03-21, 11:55:20,ไม่เคย,ไม่เคย,ไม่เคย,เคย,ไม่เคย,ไม่เคย,ไม่เคย,เคย,เคย,ไม่เคย,เคย,เคย,เคย,เคย,ไม่เคย,เคย,เคย,ไม่เคย,เคย,ไม่เคย,ไม่เคย,ไม่เคย,ไม่เคย,เคย,เคย,ไม่เคย,ไม่เคย,ไม่เคย,ไม่เคย,เคย,ไม่เคย,เคย,เคย,ไม่เคย,เคย,ไม่เคย,ไม่เคย,ไม่เคย,เคย,ไม่เคย,ไม่เคย,ไม่เคย,ไม่เคย,เคย,ไม่เคย,ไม่เคย,เคย,ไม่เคย,ไม่เคย,ไม่เคย,เคย,ไม่เคย,ไม่เคย,ไม่เคย,ไม่เคย,ไม่เคย,ไม่เคย,ไม่เคย,เคย,เคย,เคย
20-03-21, 11:55:28,ไม่เคย,เคย,ไม่เคย,ไม่เคย,เคย,ไม่เคย,ไม่เคย,ไม่เคย,ไม่เคย,ไม่เคย,ไม่เคย,เคย,เคย,ไม่เคย,เคย,ไม่เคย,เคย,ไม่เคย,เคย,เคย,เคย,เคย,ไม่เคย,ไม่เคย,เคย,ไม่เคย,ไม่เคย,เคย,ไม่เคย,ไม่เคย,ไม่เคย,เคย,เคย,ไม่เคย,ไม่เคย,ไม่เคย,ไม่เคย,ไม่เคย,เคย,ไม่เคย,ไม่เคย,ไม่เคย,ไม่เคย,ไม่เคย,ไม่เคย,ไม่เคย,เคย,ไม่เคย,ไม่เคย,เคย,ไม่เคย,ไม่เคย,ไม่เคย,ไม่เคย,ไม่เคย,ไม่เคย,เคย,ไม่เคย,เคย,เคย,เคย
20-03-21, 11:55:36,ไม่เคย,ไม่เคย,ไม่เคย,ไม่เคย,ไม่เคย,ไม่เคย,ไม่เคย,ไม่เคย,เคย,ไม่เคย,ไม่เคย,ไม่เคย,ไม่เคย,ไม่เคย,ไม่เคย,ไม่เคย,เคย,ไม่เคย,เคย,เคย,ไม่เคย,ไม่เคย,ไม่เคย,ไม่เคย,เคย,ไม่เคย,ไม่เคย,ไม่เคย,ไม่เคย,ไม่เคย,ไม่เคย,เคย,เคย,ไม่เคย,เคย,ไม่เคย,ไม่เคย,เคย,ไม่เคย,เคย,ไม่เคย,ไม่เคย,เคย,ไม่เคย,ไม่เคย,ไม่เคย,เคย,ไม่เคย,ไม่เคย,เคย,ไม่เคย,ไม่เคย,ไม่เคย,ไม่เคย,ไม่เคย,ไม่เคย,ไม่เคย,ไม่เคย,เคย,เคย,เคย
20-03-21, 11:55:50,เคย,เคย,เคย,เคย,เคย,เคย,เคย,เคย,ไม่เคย,ไม่เคย,เคย,เคย,ไม่เคย,เคย,ไม่เคย,เคย,เคย,เคย,เคย,ไม่เคย,ไม่เคย,เคย,เคย,เคย,ไม่เคย,ไม่เคย,เคย,ไม่เคย,เคย,เคย,เคย,เคย,เคย,ไม่เคย,เคย,เคย,ไม่เคย,เคย,เคย,เคย,เคย,เคย,เคย,ไม่เคย,เคย,เคย,เคย,เคย,ไม่เคย,ไม่เคย,ไม่เคย,ไม่เคย,เคย,เคย,เคย,ไม่เคย,เคย,เคย,เคย,เคย,เคย
20-03-21, 11:56:14,ไม่เคย,เคย,เคย,ไม่เคย,เคย,ไม่เคย,ไม่เคย,ไม่เคย,เคย,เคย,ไม่เคย,เคย,เคย,เคย,เคย,ไม่เคย,เคย,เคย,เคย,ไม่เคย,เคย,เคย,เคย,เคย,เคย,ไม่เคย,ไม่เคย,เคย,เคย,เคย,ไม่เคย,เคย,เคย,ไม่เคย,ไม่เคย,ไม่เคย,เคย,ไม่เคย,เคย,เคย,ไม่เคย,ไม่เคย,ไม่เคย,เคย,ไม่เคย,เคย,เคย,เคย,เคย,เคย,เคย,เคย,ไม่เคย,เคย,เคย,เคย,เคย,ไม่เคย,เคย,เคย,เคย
20-03-21, 11:56:24,เคย,เคย,ไม่เคย,ไม่เคย,ไม่เคย,ไม่เคย,ไม่เคย,ไม่เคย,เคย,ไม่เคย,ไม่เคย,เคย,เคย,เคย,ไม่เคย,ไม่เคย,เคย,เคย,เคย,ไม่เคย,ไม่เคย,เคย,เคย,ไม่เคย,ไม่เคย,ไม่เคย,เคย,ไม่เคย,ไม่เคย,ไม่เคย,เคย,เคย,เคย,ไม่เคย,เคย,เคย,เคย,ไม่เคย,เคย,เคย,ไม่เคย,ไม่เคย,ไม่เคย,ไม่เคย,ไม่เคย,ไม่เคย,เคย,เคย,เคย,ไม่เคย,ไม่เคย,ไม่เคย,ไม่เคย,ไม่เคย,ไม่เคย,ไม่เคย,เคย,เคย,เคย,เคย,เคย
20-03-21, 11:56:43,ไม่เคย,ไม่เคย,ไม่เคย,ไม่เคย,ไม่เคย,ไม่เคย,ไม่เคย,ไม่เคย,ไม่เคย,ไม่เคย,ไม่เคย,ไม่เคย,เคย,เคย,ไม่เคย,ไม่เคย,เคย,ไม่เคย,เคย,ไม่เคย,ไม่เคย,ไม่เคย,ไม่เคย,ไม่เคย,ไม่เคย,ไม่เคย,ไม่เคย,ไม่เคย,ไม่เคย,ไม่เคย,ไม่เคย,เคย,เคย,ไม่เคย,เคย,ไม่เคย,ไม่เคย,ไม่เคย,เคย,ไม่เคย,ไม่เคย,ไม่เคย,เคย,ไม่เคย,ไม่เคย,ไม่เคย,ไม่เคย,ไม่เคย,ไม่เคย,เคย,ไม่เคย,ไม่เคย,ไม่เคย,ไม่เคย,ไม่เคย,เคย,ไม่เคย,ไม่เคย,เคย,ไม่เคย,เคย
20-03-21, 11:57:02,ไม่เคย,ไม่เคย,ไม่เคย,ไม่เคย,ไม่เคย,ไม่เคย,ไม่เคย,ไม่เคย,ไม่เคย,ไม่เคย,ไม่เคย,เคย,เคย,เคย,ไม่เคย,เคย,เคย,เคย,เคย,เคย,ไม่เคย,เคย,ไม่เคย,เคย,เคย,ไม่เคย,ไม่เคย,ไม่เคย,ไม่เคย,เคย,ไม่เคย,เคย,เคย,ไม่เคย,เคย,ไม่เคย,เคย,ไม่เคย,เคย,ไม่เคย,ไม่เคย,ไม่เคย,ไม่เคย,ไม่เคย,ไม่เคย,ไม่เคย,เคย,ไม่เคย,ไม่เคย,เคย,ไม่เคย,ไม่เคย,ไม่เคย,ไม่เคย,ไม่เคย,ไม่เคย,เคย,ไม่เคย,เคย,เคย,เคย
20-03-21, 11:57:38,ไม่เคย,ไม่เคย,ไม่เคย,ไม่เคย,ไม่เคย,เคย,ไม่เคย,เคย,ไม่เคย,ไม่เคย,ไม่เคย,เคย,เคย,ไม่เคย,ไม่เคย,เคย,เคย,เคย,เคย,เคย,ไม่เคย,ไม่เคย,เคย,ไม่เคย,เคย,ไม่เคย,ไม่เคย,ไม่เคย,ไม่เคย,เคย,ไม่เคย,เคย,เคย,ไม่เคย,เคย,ไม่เคย,ไม่เคย,ไม่เคย,เคย,ไม่เคย,ไม่เคย,ไม่เคย,ไม่เคย,ไม่เคย,ไม่เคย,ไม่เคย,เคย,ไม่เคย,ไม่เคย,ไม่เคย,เคย,ไม่เคย,ไม่เคย,ไม่เคย,ไม่เคย,ไม่เคย,ไม่เคย,ไม่เคย,เคย,ไม่เคย,เคย
20-03-21, 11:57:42,เคย,เคย,ไม่เคย,เคย,เคย,ไม่เคย,ไม่เคย,ไม่เคย,เคย,ไม่เคย,ไม่เคย,ไม่เคย,เคย,ไม่เคย,เคย,เคย,เคย,ไม่เคย,เคย,ไม่เคย,ไม่เคย,เคย,ไม่เคย,เคย,เคย,เคย,ไม่เคย,เคย,เคย,เคย,ไม่เคย,เคย,เคย,ไม่เคย,ไม่เคย,ไม่เคย,ไม่เคย,ไม่เคย,เคย,ไม่เคย,ไม่เคย,ไม่เคย,เคย,เคย,ไม่เคย,ไม่เคย,เคย,ไม่เคย,ไม่เคย,ไม่เคย,ไม่เคย,ไม่เคย,ไม่เคย,ไม่เคย,ไม่เคย,ไม่เคย,เคย,ไม่เคย,ไม่เคย,เคย,เคย
20-03-21, 11:59:34,ไม่เคย,เคย,ไม่เคย,ไม่เคย,ไม่เคย,ไม่เคย,ไม่เคย,ไม่เคย,ไม่เคย,ไม่เคย,ไม่เคย,เคย,เคย,เคย,ไม่เคย,ไม่เคย,เคย,เคย,เคย,ไม่เคย,ไม่เคย,ไม่เคย,เคย,เคย,เคย,เคย,ไม่เคย,ไม่เคย,เคย,เคย,เคย,เคย,เคย,ไม่เคย,เคย,ไม่เคย,เคย,ไม่เคย,เคย,ไม่เคย,ไม่เคย,ไม่เคย,ไม่เคย,ไม่เคย,ไม่เคย,ไม่เคย,เคย,ไม่เคย,เคย,เคย,ไม่เคย,ไม่เคย,ไม่เคย,ไม่เคย,ไม่เคย,ไม่เคย,ไม่เคย,ไม่เคย,ไม่เคย,เคย,เคย
20-03-21, 11:59:47,เคย,ไม่เคย,เคย,เคย,เคย,เคย,เคย,ไม่เคย,ไม่เคย,ไม่เคย,ไม่เคย,เคย,เคย,เคย,ไม่เคย,เคย,เคย,เคย,เคย,ไม่เคย,ไม่เคย,ไม่เคย,ไม่เคย,เคย,เคย,ไม่เคย,ไม่เคย,ไม่เคย,ไม่เคย,เคย,ไม่เคย,เคย,เคย,ไม่เคย,ไม่เคย,ไม่เคย,ไม่เคย,เคย,เคย,ไม่เคย,ไม่เคย,ไม่เคย,เคย,ไม่เคย,ไม่เคย,,เคย,ไม่เคย,ไม่เคย,เคย,ไม่เคย,ไม่เคย,ไม่เคย,เคย,เคย,ไม่เคย,ไม่เคย,ไม่เคย,ไม่เคย,เคย,เคย
20-03-21, 12:00:57,ไม่เคย,ไม่เคย,ไม่เคย,ไม่เคย,ไม่เคย,ไม่เคย,ไม่เคย,ไม่เคย,ไม่เคย,ไม่เคย,ไม่เคย,ไม่เคย,เคย,ไม่เคย,ไม่เคย,ไม่เคย,เคย,ไม่เคย,เคย,ไม่เคย,ไม่เคย,ไม่เคย,เคย,ไม่เคย,เคย,ไม่เคย,ไม่เคย,ไม่เคย,ไม่เคย,ไม่เคย,ไม่เคย,เคย,เคย,ไม่เคย,ไม่เคย,ไม่เคย,เคย,ไม่เคย,เคย,ไม่เคย,ไม่เคย,ไม่เคย,ไม่เคย,ไม่เคย,ไม่เคย,ไม่เคย,เคย,ไม่เคย,เคย,เคย,ไม่เคย,เคย,ไม่เคย,ไม่เคย,ไม่เคย,เคย,เคย,ไม่เคย,เคย,ไม่เคย,เคย
20-03-21, 12:01:55,เคย,เคย,ไม่เคย,ไม่เคย,เคย,ไม่เคย,ไม่เคย,เคย,ไม่เคย,ไม่เคย,ไม่เคย,ไม่เคย,เคย,เคย,เคย,ไม่เคย,เคย,เคย,เคย,เคย,เคย,เคย,เคย,เคย,เคย,ไม่เคย,ไม่เคย,เคย,ไม่เคย,เคย,ไม่เคย,เคย,เคย,ไม่เคย,ไม่เคย,ไม่เคย,เคย,เคย,เคย,ไม่เคย,ไม่เคย,ไม่เคย,ไม่เคย,เคย,ไม่เคย,เคย,เคย,เคย,เคย,เคย,ไม่เคย,เคย,ไม่เคย,ไม่เคย,ไม่เคย,ไม่เคย,ไม่เคย,ไม่เคย,ไม่เคย,เคย,เคย
20-03-21, 12:01:55,ไม่เคย,เคย,ไม่เคย,ไม่เคย,เคย,ไม่เคย,ไม่เคย,ไม่เคย,ไม่เคย,ไม่เคย,ไม่เคย,ไม่เคย,เคย,ไม่เคย,ไม่เคย,ไม่เคย,เคย,ไม่เคย,เคย,ไม่เคย,ไม่เคย,เคย,ไม่เคย,เคย,ไม่เคย,ไม่เคย,ไม่เคย,ไม่เคย,ไม่เคย,เคย,เคย,เคย,เคย,ไม่เคย,ไม่เคย,ไม่เคย,ไม่เคย,ไม่เคย,เคย,ไม่เคย,เคย,ไม่เคย,ไม่เคย,ไม่เคย,ไม่เคย,ไม่เคย,เคย,ไม่เคย,ไม่เคย,ไม่เคย,ไม่เคย,เคย,ไม่เคย,ไม่เคย,ไม่เคย,ไม่เคย,ไม่เคย,ไม่เคย,เคย,เคย,เคย
20-03-21, 12:02:08,ไม่เคย,ไม่เคย,ไม่เคย,ไม่เคย,ไม่เคย,ไม่เคย,ไม่เคย,ไม่เคย,ไม่เคย,ไม่เคย,เคย,เคย,เคย,เคย,ไม่เคย,ไม่เคย,เคย,เคย,เคย,ไม่เคย,ไม่เคย,ไม่เคย,ไม่เคย,เคย,เคย,ไม่เคย,ไม่เคย,ไม่เคย,ไม่เคย,เคย,ไม่เคย,เคย,เคย,ไม่เคย,เคย,ไม่เคย,ไม่เคย,ไม่เคย,เคย,ไม่เคย,เคย,ไม่เคย,ไม่เคย,ไม่เคย,ไม่เคย,ไม่เคย,เคย,เคย,ไม่เคย,เคย,ไม่เคย,ไม่เคย,ไม่เคย,ไม่เคย,ไม่เคย,ไม่เคย,ไม่เคย,ไม่เคย,ไม่เคย,เคย,เคย
20-03-21, 12:02:12,ไม่เคย,เคย,ไม่เคย,ไม่เคย,ไม่เคย,ไม่เคย,ไม่เคย,เคย,ไม่เคย,ไม่เคย,ไม่เคย,ไม่เคย,เคย,เคย,ไม่เคย,ไม่เคย,เคย,เคย,ไม่เคย,ไม่เคย,ไม่เคย,ไม่เคย,ไม่เคย,ไม่เคย,ไม่เคย,ไม่เคย,ไม่เคย,ไม่เคย,ไม่เคย,ไม่เคย,ไม่เคย,เคย,เคย,ไม่เคย,เคย,ไม่เคย,เคย,ไม่เคย,เคย,ไม่เคย,เคย,ไม่เคย,ไม่เคย,ไม่เคย,ไม่เคย,ไม่เคย,เคย,ไม่เคย,เคย,ไม่เคย,ไม่เคย,ไม่เคย,ไม่เคย,ไม่เคย,ไม่เคย,ไม่เคย,ไม่เคย,ไม่เคย,เคย,เคย,เคย
20-03-21, 12:02:35,เคย,เคย,ไม่เคย,ไม่เคย,เคย,ไม่เคย,ไม่เคย,เคย,เคย,ไม่เคย,ไม่เคย,เคย,เคย,เคย,ไม่เคย,ไม่เคย,ไม่เคย,เคย,เคย,เคย,ไม่เคย,เคย,เคย,ไม่เคย,ไม่เคย,ไม่เคย,ไม่เคย,ไม่เคย,ไม่เคย,ไม่เคย,ไม่เคย,เคย,เคย,เคย,เคย,ไม่เคย,เคย,ไม่เคย,ไม่เคย,เคย,ไม่เคย,ไม่เคย,ไม่เคย,เคย,ไม่เคย,เคย,เคย,ไม่เคย,ไม่เคย,เคย,ไม่เคย,ไม่เคย,ไม่เคย,ไม่เคย,ไม่เคย,ไม่เคย,ไม่เคย,ไม่เคย,ไม่เคย,เคย,เคย
20-03-21, 12:02:36,ไม่เคย,เคย,ไม่เคย,ไม่เคย,ไม่เคย,ไม่เคย,เคย,ไม่เคย,เคย,ไม่เคย,ไม่เคย,เคย,เคย,เคย,ไม่เคย,ไม่เคย,เคย,เคย,เคย,ไม่เคย,ไม่เคย,ไม่เคย,เคย,เคย,เคย,ไม่เคย,ไม่เคย,ไม่เคย,ไม่เคย,เคย,ไม่เคย,เคย,เคย,ไม่เคย,ไม่เคย,ไม่เคย,ไม่เคย,ไม่เคย,เคย,เคย,ไม่เคย,ไม่เคย,เคย,ไม่เคย,ไม่เคย,ไม่เคย,เคย,ไม่เคย,ไม่เคย,ไม่เคย,ไม่เคย,เคย,ไม่เคย,ไม่เคย,ไม่เคย,ไม่เคย,ไม่เคย,ไม่เคย,เคย,เคย,เคย
20-03-21, 12:02:38,ไม่เคย,เคย,ไม่เคย,ไม่เคย,ไม่เคย,ไม่เคย,ไม่เคย,ไม่เคย,ไม่เคย,ไม่เคย,ไม่เคย,ไม่เคย,ไม่เคย,เคย,ไม่เคย,ไม่เคย,เคย,ไม่เคย,ไม่เคย,ไม่เคย,ไม่เคย,ไม่เคย,ไม่เคย,ไม่เคย,เคย,ไม่เคย,ไม่เคย,เคย,ไม่เคย,ไม่เคย,ไม่เคย,เคย,เคย,ไม่เคย,เคย,ไม่เคย,ไม่เคย,ไม่เคย,ไม่เคย,ไม่เคย,ไม่เคย,ไม่เคย,ไม่เคย,ไม่เคย,ไม่เคย,ไม่เคย,เคย,ไม่เคย,ไม่เคย,ไม่เคย,ไม่เคย,ไม่เคย,ไม่เคย,ไม่เคย,ไม่เคย,ไม่เคย,ไม่เคย,ไม่เคย,เคย,เคย,เคย
20-03-21, 12:02:55,เคย,เคย,เคย,เคย,ไม่เคย,เคย,ไม่เคย,ไม่เคย,ไม่เคย,ไม่เคย,ไม่เคย,เคย,เคย,เคย,ไม่เคย,เคย,เคย,เคย,เคย,เคย,ไม่เคย,เคย,เคย,เคย,เคย,เคย,ไม่เคย,ไม่เคย,ไม่เคย,เคย,ไม่เคย,เคย,เคย,เคย,เคย,ไม่เคย,ไม่เคย,เคย,เคย,เคย,เคย,ไม่เคย,เคย,เคย,ไม่เคย,ไม่เคย,เคย,ไม่เคย,ไม่เคย,เคย,เคย,ไม่เคย,เคย,เคย,ไม่เคย,ไม่เคย,เคย,เคย,เคย,เคย,เคย
20-03-21, 12:03:11,เคย,เคย,ไม่เคย,เคย,ไม่เคย,ไม่เคย,ไม่เคย,ไม่เคย,ไม่เคย,ไม่เคย,ไม่เคย,เคย,เคย,ไม่เคย,ไม่เคย,เคย,เคย,เคย,ไม่เคย,ไม่เคย,ไม่เคย,เคย,เคย,ไม่เคย,เคย,ไม่เคย,ไม่เคย,ไม่เคย,ไม่เคย,ไม่เคย,ไม่เคย,เคย,เคย,ไม่เคย,ไม่เคย,ไม่เคย,ไม่เคย,ไม่เคย,เคย,ไม่เคย,ไม่เคย,ไม่เคย,ไม่เคย,ไม่เคย,ไม่เคย,ไม่เคย,เคย,เคย,ไม่เคย,เคย,ไม่เคย,เคย,เคย,ไม่เคย,ไม่เคย,ไม่เคย,ไม่เคย,ไม่เคย,เคย,ไม่เคย,เคย
20-03-21, 12:03:21,ไม่เคย,ไม่เคย,ไม่เคย,เคย,ไม่เคย,ไม่เคย,ไม่เคย,ไม่เคย,ไม่เคย,ไม่เคย,ไม่เคย,เคย,เคย,เคย,ไม่เคย,เคย,เคย,เคย,เคย,ไม่เคย,เคย,เคย,เคย,เคย,เคย,ไม่เคย,ไม่เคย,ไม่เคย,เคย,เคย,ไม่เคย,เคย,เคย,ไม่เคย,ไม่เคย,ไม่เคย,ไม่เคย,เคย,เคย,ไม่เคย,ไม่เคย,ไม่เคย,ไม่เคย,เคย,ไม่เคย,ไม่เคย,เคย,ไม่เคย,ไม่เคย,เคย,ไม่เคย,ไม่เคย,ไม่เคย,ไม่เคย,ไม่เคย,เคย,เคย,ไม่เคย,ไม่เคย,ไม่เคย,เคย
20-03-21, 12:03:25,ไม่เคย,เคย,ไม่เคย,เคย,ไม่เคย,ไม่เคย,ไม่เคย,ไม่เคย,ไม่เคย,เคย,ไม่เคย,เคย,ไม่เคย,ไม่เคย,ไม่เคย,เคย,เคย,เคย,ไม่เคย,เคย,เคย,ไม่เคย,ไม่เคย,เคย,เคย,ไม่เคย,ไม่เคย,เคย,เคย,เคย,ไม่เคย,เคย,เคย,ไม่เคย,เคย,ไม่เคย,ไม่เคย,เคย,เคย,ไม่เคย,ไม่เคย,ไม่เคย,ไม่เคย,เคย,ไม่เคย,ไม่เคย,เคย,ไม่เคย,ไม่เคย,เคย,ไม่เคย,เคย,ไม่เคย,ไม่เคย,ไม่เคย,ไม่เคย,เคย,ไม่เคย,เคย,ไม่เคย,เคย
20-03-21, 12:03:53,เคย,ไม่เคย,ไม่เคย,เคย,ไม่เคย,ไม่เคย,ไม่เคย,เคย,เคย,ไม่เคย,ไม่เคย,เคย,เคย,เคย,ไม่เคย,เคย,เคย,ไม่เคย,เคย,ไม่เคย,ไม่เคย,เคย,เคย,เคย,เคย,ไม่เคย,ไม่เคย,ไม่เคย,ไม่เคย,เคย,เคย,เคย,เคย,ไม่เคย,เคย,ไม่เคย,ไม่เคย,ไม่เคย,เคย,เคย,ไม่เคย,เคย,ไม่เคย,เคย,ไม่เคย,ไม่เคย,เคย,ไม่เคย,ไม่เคย,ไม่เคย,ไม่เคย,เคย,ไม่เคย,ไม่เคย,ไม่เคย,ไม่เคย,ไม่เคย,ไม่เคย,เคย,เคย,เคย
20-03-21, 12:04:19,ไม่เคย,ไม่เคย,เคย,เคย,ไม่เคย,เคย,เคย,ไม่เคย,ไม่เคย,ไม่เคย,เคย,เคย,เคย,ไม่เคย,ไม่เคย,ไม่เคย,เคย,เคย,เคย,เคย,ไม่เคย,เคย,เคย,เคย,เคย,เคย,ไม่เคย,ไม่เคย,ไม่เคย,ไม่เคย,ไม่เคย,เคย,เคย,ไม่เคย,เคย,ไม่เคย,ไม่เคย,ไม่เคย,เคย,ไม่เคย,ไม่เคย,ไม่เคย,เคย,ไม่เคย,ไม่เคย,ไม่เคย,เคย,ไม่เคย,ไม่เคย,ไม่เคย,ไม่เคย,เคย,ไม่เคย,ไม่เคย,ไม่เคย,ไม่เคย,ไม่เคย,ไม่เคย,ไม่เคย,เคย,เคย
